-- MySQL dump 10.13  Distrib 8.0.39, for Linux (aarch64)
--
-- Host: localhost    Database: ukyo_bot
-- ------------------------------------------------------
-- Server version	8.0.39

/*!40101 SET @OLD_CHARACTER_SET_CLIENT=@@CHARACTER_SET_CLIENT */;
/*!40101 SET @OLD_CHARACTER_SET_RESULTS=@@CHARACTER_SET_RESULTS */;
/*!40101 SET @OLD_COLLATION_CONNECTION=@@COLLATION_CONNECTION */;
/*!50503 SET NAMES utf8mb4 */;
/*!40103 SET @OLD_TIME_ZONE=@@TIME_ZONE */;
/*!40103 SET TIME_ZONE='+00:00' */;
/*!40014 SET @OLD_UNIQUE_CHECKS=@@UNIQUE_CHECKS, UNIQUE_CHECKS=0 */;
/*!40014 SET @OLD_FOREIGN_KEY_CHECKS=@@FOREIGN_KEY_CHECKS, FOREIGN_KEY_CHECKS=0 */;
/*!40101 SET @OLD_SQL_MODE=@@SQL_MODE, SQL_MODE='NO_AUTO_VALUE_ON_ZERO' */;
/*!40111 SET @OLD_SQL_NOTES=@@SQL_NOTES, SQL_NOTES=0 */;

--
-- Table structure for table `boot`
--

DROP TABLE IF EXISTS `boot`;
/*!40101 SET @saved_cs_client     = @@character_set_client */;
/*!50503 SET character_set_client = utf8mb4 */;
CREATE TABLE `boot` (
  `id` int NOT NULL AUTO_INCREMENT,
  `user_id` int NOT NULL,
  `score` double NOT NULL,
  `date` datetime NOT NULL,
  PRIMARY KEY (`id`),
  UNIQUE KEY `id` (`id`),
  KEY `boot_fk1` (`user_id`),
  CONSTRAINT `boot_fk1` FOREIGN KEY (`user_id`) REFERENCES `users` (`id`)
) ENGINE=InnoDB AUTO_INCREMENT=214 DEFAULT CHARSET=latin1;
/*!40101 SET character_set_client = @saved_cs_client */;

--
-- Dumping data for table `boot`
--

LOCK TABLES `boot` WRITE;
/*!40000 ALTER TABLE `boot` DISABLE KEYS */;
INSERT INTO `boot` VALUES (1,1,0.8843983398846806,'2024-09-23 11:35:18'),(2,1,0.6615576871325399,'2024-09-23 11:40:43'),(4,3,0.661938770031073,'2024-09-23 11:44:38'),(5,1,0.5869420020166796,'2024-09-23 13:39:08'),(6,4,0.747568660547284,'2024-09-23 14:33:09'),(7,4,0.16978108448357765,'2024-09-23 14:35:19'),(8,4,0.17827722951016245,'2024-09-23 14:35:21'),(9,3,0.5108263282552884,'2024-09-23 16:15:37'),(10,5,0.8989739038717329,'2024-09-23 16:19:59'),(11,3,0.19082596644092165,'2024-09-23 16:34:57'),(12,3,0.23744653888152545,'2024-09-23 16:59:55'),(13,3,0.25220747866063775,'2024-09-23 17:16:41'),(14,3,0.6615345700373579,'2024-09-23 17:17:45'),(15,3,0.4739659385817704,'2024-09-23 17:21:16'),(16,3,0.16108525921263062,'2024-09-23 17:21:26'),(17,3,0.4574336298073367,'2024-09-23 17:25:01'),(18,3,0.6995363104388229,'2024-09-23 17:25:46'),(19,3,0.9975686779644591,'2024-09-23 17:26:09'),(20,3,0.1685885156381084,'2024-09-23 17:30:04'),(21,1,0.9564753280246954,'2024-09-23 17:32:52'),(23,6,0.5709438080802159,'2024-09-23 17:40:30'),(24,3,0.8378104002343295,'2024-09-23 17:57:13'),(25,6,0.011062572651197922,'2024-09-23 18:06:00'),(26,6,0.9273494441012664,'2024-09-23 18:06:56'),(27,6,0.44496994409325397,'2024-09-23 18:07:03'),(28,6,0.4989442342711934,'2024-09-23 18:12:46'),(29,3,0.8774723463949454,'2024-09-23 20:28:25'),(30,6,0.30425507735677404,'2024-09-23 21:35:39'),(31,7,0.5662258726441729,'2024-09-23 21:53:12'),(32,8,0.9476831002034062,'2024-09-23 22:03:40'),(33,6,0.5777150913119279,'2024-09-24 02:29:01'),(34,6,0.12117894970334464,'2024-09-24 02:29:23'),(35,6,0.18843693477416312,'2024-09-24 02:29:27'),(36,6,0.20203428729563522,'2024-09-24 02:29:43'),(37,6,0.3193032013707996,'2024-09-24 02:29:47'),(38,6,0.5172297477363936,'2024-09-24 02:29:50'),(39,6,0.5203244207981902,'2024-09-24 02:29:54'),(40,6,0.4841434072035288,'2024-09-24 02:29:58'),(41,1,0.8916987650211167,'2024-09-24 07:39:21'),(42,8,0.8240195224353474,'2024-09-24 07:39:49'),(43,1,0.5641184925302282,'2024-09-24 07:50:15'),(44,1,0.7159679268731429,'2024-09-24 08:14:31'),(45,1,0.6925412618961401,'2024-09-24 08:16:52'),(46,3,0.35466164917731047,'2024-09-24 09:12:28'),(47,8,0.6831966540116534,'2024-09-24 09:17:00'),(48,1,0.671479610870309,'2024-09-24 09:53:53'),(49,3,0.19635679469360334,'2024-09-24 09:53:55'),(50,3,0.8527835824485726,'2024-09-24 09:54:05'),(51,3,0.6274652011243531,'2024-09-24 09:58:59'),(52,1,0.9133834580006718,'2024-09-24 10:04:53'),(53,3,0.33636105323423093,'2024-09-24 10:14:27'),(54,6,0.8031779873679135,'2024-09-24 10:50:12'),(55,6,0.580954356315795,'2024-09-24 10:50:18'),(56,1,0.8492382281626414,'2024-09-24 11:47:44'),(57,4,0.7466585585104757,'2024-09-24 12:05:45'),(58,3,0.9185271974698647,'2024-09-24 16:56:18'),(59,6,0.7924853909657448,'2024-09-24 20:01:29'),(60,3,0.1268132825966748,'2024-09-24 20:01:47'),(61,1,0.6521723425405827,'2024-09-24 20:22:48'),(62,3,0.2878076792603588,'2024-09-24 20:26:14'),(63,6,0.8388779077122984,'2024-09-24 20:26:21'),(64,3,0.5516838112639345,'2024-09-24 20:27:05'),(65,3,0.5990684262432837,'2024-09-24 20:27:38'),(66,6,0.577098365521162,'2024-09-24 20:27:55'),(67,3,0.3622944560652589,'2024-09-24 20:28:08'),(68,1,0.6152991529284663,'2024-09-25 08:14:44'),(69,1,0.7525456201600726,'2024-09-25 09:12:43'),(70,3,0.47894691355113206,'2024-09-25 10:44:24'),(71,1,0.36162701395455854,'2024-09-25 11:05:49'),(72,3,0.04125576888971971,'2024-09-25 13:57:24'),(73,5,0.6295168367982886,'2024-09-25 14:47:19'),(74,8,0.31167218112903916,'2024-09-25 16:22:48'),(75,8,0.39548109623335415,'2024-09-25 16:22:53'),(76,8,0.9199211633844433,'2024-09-25 16:22:56'),(77,3,0.5347053764284388,'2024-09-26 13:03:47'),(78,1,0.9185235618900346,'2024-09-26 13:05:14'),(79,3,0.3804483481230445,'2024-09-26 13:05:36'),(80,3,0.7015569146895443,'2024-09-26 13:06:19'),(81,6,0.263401911434364,'2024-09-26 13:08:42'),(82,6,0.27501751942824615,'2024-09-26 13:09:04'),(83,8,0.5099661474989367,'2024-09-26 14:59:39'),(84,8,0.5797308992958217,'2024-09-26 14:59:48'),(85,8,0.3393210781214685,'2024-09-26 14:59:53'),(86,3,0.5250159232587972,'2024-09-26 15:00:07'),(87,3,0.3666267526234631,'2024-09-26 15:00:14'),(88,1,0.43957104442558337,'2024-09-26 15:01:03'),(89,6,0.43322919607002075,'2024-09-26 18:03:21'),(90,3,0.5656495954782019,'2024-09-26 18:03:31'),(91,3,0.29295109151726817,'2024-09-26 20:58:50'),(92,3,0.6878839659332724,'2024-09-26 20:58:58'),(93,3,0.8346679205957395,'2024-09-26 21:01:06'),(94,11,0.040569202328200604,'2024-09-26 21:01:16'),(95,3,0.3543783987043968,'2024-09-26 21:03:47'),(96,6,0.9741896480799817,'2024-09-26 23:40:32'),(97,1,0.4918519511472187,'2024-09-27 11:35:42'),(98,8,0.8153677126158545,'2024-09-27 12:41:37'),(99,8,0.7320905911156244,'2024-09-27 12:41:50'),(100,8,0.6205025270778457,'2024-09-27 12:41:59'),(101,8,0.09408275736200489,'2024-09-27 12:42:12'),(102,3,0.32653917511323316,'2024-09-27 13:50:17'),(103,3,0.0025323780148093222,'2024-09-27 13:50:23'),(104,3,0.8524348777668659,'2024-09-27 20:59:46'),(105,3,0.972929631911581,'2024-09-27 21:00:02'),(106,3,0.3423344634261918,'2024-09-27 21:00:57'),(107,3,0.82269159927218,'2024-09-27 21:01:03'),(108,3,0.5776823354904354,'2024-09-27 21:01:09'),(109,3,0.4046327790914904,'2024-09-27 21:01:14'),(110,3,0.42583950399148873,'2024-09-27 21:01:19'),(111,3,0.31968707305418687,'2024-09-27 21:01:24'),(112,3,0.17447557285970583,'2024-09-27 21:01:29'),(113,3,0.4525574559246891,'2024-09-27 21:02:40'),(114,3,0.3208090674880746,'2024-09-27 21:02:44'),(115,3,0.12219057435550873,'2024-09-27 21:02:47'),(116,3,0.1921913887716572,'2024-09-27 21:02:57'),(117,3,0.19659356597049893,'2024-09-27 21:03:08'),(118,3,0.5259768484321724,'2024-09-27 21:03:35'),(119,1,0.007800446326854504,'2024-09-28 07:45:38'),(120,3,0.36715248538727274,'2024-09-28 17:48:05'),(121,3,0.599166539621189,'2024-09-28 17:48:12'),(122,8,0.7900326533609916,'2024-09-28 20:01:32'),(123,3,0.6373859800808116,'2024-09-28 20:02:12'),(124,6,0.5579791137364467,'2024-09-28 23:46:15'),(125,8,0.5514223874733034,'2024-09-29 00:28:12'),(126,1,0.05187407283987222,'2024-09-29 12:43:00'),(127,3,0.1734410346915226,'2024-09-29 12:43:05'),(128,1,0.8671122871255504,'2024-09-29 13:10:55'),(129,3,0.6812160298720813,'2024-09-29 13:14:46'),(130,1,0.23833045911294437,'2024-09-29 13:38:51'),(131,1,0.4204326630166576,'2024-09-29 14:15:31'),(132,1,0.5502655282241449,'2024-09-29 14:30:34'),(133,1,0.03197937208980872,'2024-09-29 14:32:22'),(134,1,0.8486605685360179,'2024-09-29 15:11:32'),(135,1,0.8225322998243532,'2024-09-29 15:13:15'),(136,3,0.6811292637113999,'2024-09-29 15:17:20'),(137,6,0.11298473757713079,'2024-09-29 16:46:54'),(138,1,0.8932154329885349,'2024-09-30 06:12:19'),(139,1,0.453269086422169,'2024-09-30 06:57:46'),(140,8,0.4347645402938478,'2024-09-30 07:05:04'),(141,8,0.4109287536745969,'2024-09-30 07:05:08'),(142,8,0.8365459969033291,'2024-09-30 07:05:12'),(143,3,0.014211155972928213,'2024-09-30 10:29:41'),(144,1,0.4125041072099621,'2024-09-30 11:15:28'),(145,8,0.7796814561196911,'2024-09-30 11:36:30'),(146,8,0.5200169657077081,'2024-09-30 11:36:35'),(147,8,0.8677121838885721,'2024-09-30 11:36:40'),(148,3,0.25931085177614954,'2024-09-30 11:39:53'),(149,1,0.8069514573606161,'2024-09-30 11:57:26'),(150,6,0.46962618707011583,'2024-09-30 12:55:45'),(151,1,0.9922032575622589,'2024-09-30 15:49:12'),(152,3,0.4078238026904436,'2024-09-30 16:04:43'),(153,1,0.7629816273119437,'2024-09-30 17:18:38'),(154,6,0.6506634193359527,'2024-09-30 17:45:17'),(155,3,0.46984696401941095,'2024-09-30 17:45:29'),(156,3,0.8105955766708471,'2024-09-30 17:45:45'),(157,3,0.07885019318194164,'2024-09-30 17:45:49'),(158,3,0.6105861155784934,'2024-09-30 17:46:06'),(159,3,0.5716992241986824,'2024-09-30 17:46:11'),(160,6,0.2014509815805705,'2024-09-30 17:46:19'),(161,8,0.008527897329865586,'2024-09-30 17:49:17'),(162,8,0.11600684809989437,'2024-09-30 17:49:46'),(163,8,0.6707255209677484,'2024-09-30 17:50:15'),(164,3,0.14723454240591405,'2024-09-30 17:50:59'),(165,6,0.7875348156809909,'2024-09-30 17:53:45'),(166,1,0.5873836137112235,'2024-09-30 20:50:32'),(167,1,0.4505443035075326,'2024-09-30 20:51:02'),(168,3,0.4060377205459247,'2024-09-30 20:51:30'),(169,3,0.7667342245823536,'2024-09-30 21:05:54'),(170,1,0.5622879594659247,'2024-09-30 22:07:50'),(171,1,0.07261702064559783,'2024-09-30 22:15:41'),(172,1,0.8650655924523752,'2024-10-01 09:20:13'),(173,1,0.5967339537433008,'2024-10-01 09:20:26'),(174,8,0.9884435683221622,'2024-10-01 09:26:59'),(175,8,0.6319251494613555,'2024-10-01 09:27:07'),(176,8,0.5326866536571166,'2024-10-01 09:27:10'),(177,1,0.5427590366398296,'2024-10-01 15:03:14'),(178,1,0.17338750380639534,'2024-10-01 19:34:38'),(179,8,0.6303010235771894,'2024-10-01 20:17:32'),(180,8,0.7048802297546561,'2024-10-01 20:17:37'),(181,8,0.523138810416299,'2024-10-01 20:17:39'),(182,3,0.374483432890482,'2024-10-01 20:18:22'),(183,3,0.5986652646975876,'2024-10-01 20:18:27'),(184,1,0.5941171384577845,'2024-10-02 14:59:10'),(185,3,0.3583240622435435,'2024-10-02 18:25:15'),(186,8,0.7457125323076996,'2024-10-02 18:30:40'),(187,8,0.7399521048956378,'2024-10-02 18:30:45'),(188,8,0.09883844825023635,'2024-10-02 18:30:49'),(189,1,0.6239706956178372,'2024-10-02 19:02:14'),(190,3,0.03980871546940612,'2024-10-02 19:02:26'),(191,8,0.35038408622546025,'2024-10-02 19:26:41'),(192,8,0.3905230296930672,'2024-10-02 19:26:45'),(193,8,0.31966586432347965,'2024-10-02 19:26:48'),(194,8,0.4257159525014603,'2024-10-02 19:26:59'),(195,8,0.6673901401930411,'2024-10-02 19:27:04'),(196,8,0.5880622026792233,'2024-10-02 19:27:08'),(197,8,0.4532949035056656,'2024-10-02 19:27:11'),(198,8,0.45095284238117395,'2024-10-02 19:27:19'),(199,8,0.7347099114012277,'2024-10-02 19:27:23'),(200,8,0.75591484837474,'2024-10-02 19:27:27'),(201,8,0.468482999252122,'2024-10-02 19:27:30'),(202,8,0.14949378593335805,'2024-10-02 19:27:36'),(203,8,0.3919091466578988,'2024-10-02 19:27:41'),(204,8,0.6079746314191753,'2024-10-02 19:27:44'),(205,3,0.6833852576191001,'2024-10-02 21:07:21'),(206,3,0.5583462547172124,'2024-10-02 21:07:31'),(207,3,0.1349399026362249,'2024-10-02 21:07:36'),(208,3,0.5290816201006735,'2024-10-02 21:07:40'),(209,3,0.32131817070571433,'2024-10-02 21:07:45'),(210,3,0.5487747869950806,'2024-10-02 21:07:50'),(211,3,0.3744023958479775,'2024-10-02 21:07:55'),(212,3,0.8707190317863349,'2024-10-02 21:07:59'),(213,1,0.1930377192210163,'2024-10-02 21:13:29');
/*!40000 ALTER TABLE `boot` ENABLE KEYS */;
UNLOCK TABLES;

--
-- Table structure for table `messages`
--

DROP TABLE IF EXISTS `messages`;
/*!40101 SET @saved_cs_client     = @@character_set_client */;
/*!50503 SET character_set_client = utf8mb4 */;
CREATE TABLE `messages` (
  `id` int NOT NULL AUTO_INCREMENT,
  `message` varchar(200) NOT NULL,
  `suggestion_date` datetime NOT NULL,
  `user_id` int NOT NULL,
  PRIMARY KEY (`id`),
  UNIQUE KEY `id` (`id`),
  KEY `messages_fk3` (`user_id`),
  CONSTRAINT `messages_fk3` FOREIGN KEY (`user_id`) REFERENCES `users` (`id`)
) ENGINE=InnoDB AUTO_INCREMENT=7 DEFAULT CHARSET=latin1;
/*!40101 SET character_set_client = @saved_cs_client */;

--
-- Dumping data for table `messages`
--

LOCK TABLES `messages` WRITE;
/*!40000 ALTER TABLE `messages` DISABLE KEYS */;
INSERT INTO `messages` VALUES (2,'Hey {user} welcome!','2024-09-25 09:02:36',1),(3,'A wild {user} has joined the server','2024-09-25 09:10:43',1),(5,'Wassup {user}','2024-09-25 09:14:30',1),(6,'Welcome awesome person!','2024-09-25 10:46:23',9);
/*!40000 ALTER TABLE `messages` ENABLE KEYS */;
UNLOCK TABLES;

--
-- Table structure for table `users`
--

DROP TABLE IF EXISTS `users`;
/*!40101 SET @saved_cs_client     = @@character_set_client */;
/*!50503 SET character_set_client = utf8mb4 */;
CREATE TABLE `users` (
  `id` int NOT NULL AUTO_INCREMENT,
  `discord_id` bigint unsigned NOT NULL,
  PRIMARY KEY (`id`),
  UNIQUE KEY `id` (`id`),
  UNIQUE KEY `discord_id` (`discord_id`)
) ENGINE=InnoDB AUTO_INCREMENT=12 DEFAULT CHARSET=latin1;
/*!40101 SET character_set_client = @saved_cs_client */;

--
-- Dumping data for table `users`
--

LOCK TABLES `users` WRITE;
/*!40000 ALTER TABLE `users` DISABLE KEYS */;
INSERT INTO `users` VALUES (4,238382200305876993),(9,258772567433805824),(8,283305414362267648),(1,394953779406962690),(11,399046814080172046),(5,411676990471667712),(6,588751067198521370),(3,807296732370960404),(7,870549568616538172),(2,1272667516178534421);
/*!40000 ALTER TABLE `users` ENABLE KEYS */;
UNLOCK TABLES;
/*!40103 SET TIME_ZONE=@OLD_TIME_ZONE */;

/*!40101 SET SQL_MODE=@OLD_SQL_MODE */;
/*!40014 SET FOREIGN_KEY_CHECKS=@OLD_FOREIGN_KEY_CHECKS */;
/*!40014 SET UNIQUE_CHECKS=@OLD_UNIQUE_CHECKS */;
/*!40101 SET CHARACTER_SET_CLIENT=@OLD_CHARACTER_SET_CLIENT */;
/*!40101 SET CHARACTER_SET_RESULTS=@OLD_CHARACTER_SET_RESULTS */;
/*!40101 SET COLLATION_CONNECTION=@OLD_COLLATION_CONNECTION */;
/*!40111 SET SQL_NOTES=@OLD_SQL_NOTES */;

-- Dump completed on 2024-10-03  4:34:12
